{
  "CateId": 16462,
  "CateName": "日用清潔",
  "Link": null,
  "Banners": [
    {
      "Title": "日用新風暴 雙11滿額登記",
      "ImageURL": "https://media.etmall.com.tw/Promo/Image/Kanban/62/313491/56417a51-62b6-41ed-a435-4507bcd10414.jpg",
      "URL": "https://media.etmall.com.tw/sp/18927/m/index.html"
    },
    {
      "Title": "Strawberry益菌棉守護組獨家優惠",
      "ImageURL": "https://media.etmall.com.tw/Promo/Image/Kanban/62/307672/ec1d496d-0eb6-4134-b8d2-f230b450a639.jpg",
      "URL": "https://media.etmall.com.tw/sp/16272/m/index.html"
    },
    {
      "Title": "3   11清潔不打烊▼滿額再抽大禮包",
      "ImageURL": "https://media.etmall.com.tw/Promo/Image/Kanban/62/313119/0ac2ff2b-712c-463b-984c-f5e75c553695.jpg",
      "URL": "https://media.etmall.com.tw/sp/19275/m/index.html"
    },
    {
      "Title": "4   1111姐妹購物節▼下殺5折起",
      "ImageURL": "https://media.etmall.com.tw/Promo/Image/Kanban/62/312354/a76da77b-0fe5-482a-ac7b-1baa175f498a.jpg",
      "URL": "https://media.etmall.com.tw/sp/19736/m/index.html"
    },
    {
      "Title": "5  ⭐1克拉奢華美鑽7折up",
      "ImageURL": "https://media.etmall.com.tw/Promo/Image/Kanban/62/130133/7df0d05b-bcb0-4de5-9deb-e5e9fa9aa6d6.jpg",
      "URL": "https://www.etmall.com.tw/gp/106894"
    },
    {
      "Title": "6  ⭐金條金塊8折up",
      "ImageURL": "https://media.etmall.com.tw/Promo/Image/Kanban/62/130132/cc7092db-a7ae-4359-a2ec-29ff45055fbd.jpg",
      "URL": "https://www.etmall.com.tw/gp/106909"
    },
    {
      "Title": "7  ⭐金條金塊8折up",
      "ImageURL": "https://media.etmall.com.tw/Promo/Image/Kanban/62/130132/cc7092db-a7ae-4359-a2ec-29ff45055fbd.jpg",
      "URL": "https://www.etmall.com.tw/gp/106909"
    }
  ],
  "CategoryBar": null
}
