{
  "id": 0,
  "name": "全館",
  "products": [
    {
      "id": 3634044,
      "title": "1 東森嚴選阿一鮑魚四大珍饈富貴團圓年菜組",
      "imageUrl": "//media.etmall.com.tw/nximg/003634/3634044/3634044_ml.jpg?t=18454827741",
      "pageLink": "/i/3634044",
      "finalPrice": "3582"
    },
    {
      "id": 3634031,
      "title": "2 晶華酒店政商名流指定五星級團圓年菜組",
      "imageUrl": "//media.etmall.com.tw/nximg/003634/3634031/3634031_ml.jpg?t=18455873607",
      "pageLink": "/i/3634031",
      "finalPrice": "4122"
    },
    {
      "id": 3634044,
      "title": "3 東森嚴選阿一鮑魚四大珍饈富貴團圓年菜組",
      "imageUrl": "//media.etmall.com.tw/nximg/003634/3634044/3634044_ml.jpg?t=18454827741",
      "pageLink": "/i/3634044",
      "finalPrice": "3582"
    },
    {
      "id": 3634031,
      "title": "4 晶華酒店政商名流指定五星級團圓年菜組",
      "imageUrl": "//media.etmall.com.tw/nximg/003634/3634031/3634031_ml.jpg?t=18455873607",
      "pageLink": "/i/3634031",
      "finalPrice": "4122"
    },
    {
      "id": 3634044,
      "title": "5 東森嚴選阿一鮑魚四大珍饈富貴團圓年菜組",
      "imageUrl": "//media.etmall.com.tw/nximg/003634/3634044/3634044_ml.jpg?t=18454827741",
      "pageLink": "/i/3634044",
      "finalPrice": "3582"
    },
    {
      "id": 3634031,
      "title": "6 晶華酒店政商名流指定五星級團圓年菜組",
      "imageUrl": "//media.etmall.com.tw/nximg/003634/3634031/3634031_ml.jpg?t=18455873607",
      "pageLink": "/i/3634031",
      "finalPrice": "4122"
    },
    {
      "id": 3634044,
      "title": "7 東森嚴選阿一鮑魚四大珍饈富貴團圓年菜組",
      "imageUrl": "//media.etmall.com.tw/nximg/003634/3634044/3634044_ml.jpg?t=18454827741",
      "pageLink": "/i/3634044",
      "finalPrice": "3582"
    },
    {
      "id": 3634031,
      "title": "8 晶華酒店政商名流指定五星級團圓年菜組",
      "imageUrl": "//media.etmall.com.tw/nximg/003634/3634031/3634031_ml.jpg?t=18455873607",
      "pageLink": "/i/3634031",
      "finalPrice": "4122"
    },
    {
      "id": 3634044,
      "title": "9 東森嚴選阿一鮑魚四大珍饈富貴團圓年菜組",
      "imageUrl": "//media.etmall.com.tw/nximg/003634/3634044/3634044_ml.jpg?t=18454827741",
      "pageLink": "/i/3634044",
      "finalPrice": "3582"
    },
    {
      "id": 3634031,
      "title": "10 晶華酒店政商名流指定五星級團圓年菜組",
      "imageUrl": "//media.etmall.com.tw/nximg/003634/3634031/3634031_ml.jpg?t=18455873607",
      "pageLink": "/i/3634031",
      "finalPrice": "4122"
    },
    {
      "id": 3634044,
      "title": "11東森嚴選阿一鮑魚四大珍饈富貴團圓年菜組",
      "imageUrl": "//media.etmall.com.tw/nximg/003634/3634044/3634044_ml.jpg?t=18454827741",
      "pageLink": "/i/3634044",
      "finalPrice": "3582"
    },
    {
      "id": 3634031,
      "title": "12 晶華酒店政商名流指定五星級團圓年菜組",
      "imageUrl": "//media.etmall.com.tw/nximg/003634/3634031/3634031_ml.jpg?t=18455873607",
      "pageLink": "/i/3634031",
      "finalPrice": "4122"
    },
    {
      "id": 3634044,
      "title": "13 東森嚴選阿一鮑魚四大珍饈富貴團圓年菜組",
      "imageUrl": "//media.etmall.com.tw/nximg/003634/3634044/3634044_ml.jpg?t=18454827741",
      "pageLink": "/i/3634044",
      "finalPrice": "3582"
    },
    {
      "id": 3634031,
      "title": "14 晶華酒店政商名流指定五星級團圓年菜組",
      "imageUrl": "//media.etmall.com.tw/nximg/003634/3634031/3634031_ml.jpg?t=18455873607",
      "pageLink": "/i/3634031",
      "finalPrice": "4122"
    }
  ]
}
